<metadata xml:lang="tr"><Esri><CreaDate>20180115</CreaDate><CreaTime>11362300</CreaTime><SyncOnce>FALSE</SyncOnce><DataProperties><lineage><Process Name="Create Feature Class" ToolSource="C:\ArcGIS\ArcToolbox\Toolboxes\Data Management Tools.tbx\CreateFeatureclass" Date="20070329" Time="105608">CreateFeatureclass D:\tematik2007\tc1m\veri\tc1m_p.mdb\veri_kumesi sinir_cizgi # sinir_cizgi_Layer SAME_AS_TEMPLATE SAME_AS_TEMPLATE "PROJCS['Lambert_Conformal_Conic_TC3M',GEOGCS['GCS_WGS_1984',DATUM['D_WGS_1984',SPHEROID['WGS_1984',6378137.0,298.257223563]],PRIMEM['Greenwich',0.0],UNIT['Degree',0.0174532925199433]],PROJECTION['Lambert_Conformal_Conic'],PARAMETER['False_Easting',0.0],PARAMETER['False_Northing',0.0],PARAMETER['Central_Meridian',45.0],PARAMETER['Standard_Parallel_1',29.0],PARAMETER['Standard_Parallel_2',39.0],PARAMETER['Latitude_Of_Origin',0.0],UNIT['Meter',1.0]];-10000000 -10000000 100;0 100000;0 100000" # 0 0 0 D:\tematik2007\tc1m\veri\tc1m_p.mdb\veri_kumesi\sinir_cizgi</Process><Process Name="Append" ToolSource="C:\ArcGIS\ArcToolbox\Toolboxes\Data Management Tools.tbx\Append" Date="20070329" Time="105610">Append sinir_cizgi_Layer D:\tematik2007\tc1m\veri\tc1m_p.mdb\veri_kumesi\sinir_cizgi TEST D:\tematik2007\tc1m\veri\tc1m_p.mdb\veri_kumesi\sinir_cizgi</Process><Process Name="FeatureClassToFeatureClass_8" ToolSource="C:\ArcGIS\ArcToolbox\Toolboxes\Conversion Tools.tbx\FeatureClassToFeatureClass" Date="20070329" Time="105610">FeatureClassToFeatureClass D:\tematik2007\copluk\tc1m.mdb\veri_kumesi\sinir_cizgi D:\tematik2007\tc1m\veri\tc1m_p.mdb\veri_kumesi sinir_cizgi # "BND_TYPE BND_TYPE VISIBLE;BND_STATUS BND_STATUS VISIBLE;BND_STUDY BND_STUDY VISIBLE;F_NAME F_NAME VISIBLE;SYMBOL SYMBOL VISIBLE;SEMBOL SEMBOL VISIBLE;Shape_Length Shape_Length VISIBLE" SAME_AS_TEMPLATE SAME_AS_TEMPLATE # 0 D:\tematik2007\tc1m\veri\tc1m_p.mdb\veri_kumesi\sinir_cizgi</Process><Process ToolSource="c:\program files (x86)\arcgis\desktop10.2\ArcToolbox\Toolboxes\Data Management Tools.tbx\CalculateField" Date="20170324" Time="164519">CalculateField sinir_cizgi DETAY_ADI [F_NAME] VB #</Process><Process ToolSource="c:\program files (x86)\arcgis\desktop10.2\ArcToolbox\Toolboxes\Data Management Tools.tbx\CalculateField" Date="20170324" Time="164550">CalculateField sinir_cizgi OZEL_ISMI [BND_STUDY] VB #</Process><Process ToolSource="c:\program files (x86)\arcgis\desktop10.2\ArcToolbox\Toolboxes\Data Management Tools.tbx\CalculateField" Date="20170404" Time="120059">CalculateField sinir_cizgi DETAY_ADI "SINIR_NEHIR" VB #</Process><Process ToolSource="c:\program files (x86)\arcgis\desktop10.2\ArcToolbox\Toolboxes\Data Management Tools.tbx\CalculateField" Date="20170404" Time="120136">CalculateField sinir_cizgi DETAY_ADI "SINIR_DERE" VB #</Process><Process ToolSource="c:\program files (x86)\arcgis\desktop10.2\ArcToolbox\Toolboxes\Data Management Tools.tbx\CalculateField" Date="20170404" Time="120215">CalculateField sinir_cizgi DETAY_ADI "SINIR" VB #</Process><Process ToolSource="c:\program files (x86)\arcgis\desktop10.2\ArcToolbox\Toolboxes\Data Management Tools.tbx\CalculateField" Date="20170407" Time="153643">CalculateField sinir_cizgi DETAY_ADI "ULKE_SINIR" VB #</Process><Process ToolSource="c:\program files (x86)\arcgis\desktop10.2\ArcToolbox\Toolboxes\Data Management Tools.tbx\CalculateField" Date="20170407" Time="153713">CalculateField sinir_cizgi DETAY_ADI "ULKE_SINIR_NEHIR ÖNEMLİ" VB #</Process><Process ToolSource="c:\program files (x86)\arcgis\desktop10.2\ArcToolbox\Toolboxes\Data Management Tools.tbx\CalculateField" Date="20170407" Time="153746">CalculateField sinir_cizgi DETAY_ADI "ULKE_SINIR_NEHIR" VB #</Process><Process ToolSource="c:\program files (x86)\arcgis\desktop10.2\ArcToolbox\Toolboxes\Data Management Tools.tbx\CalculateField" Date="20170508" Time="153104">CalculateField sinir_cizgi OZEL_ISMI "" VB #</Process><Process ToolSource="c:\program files (x86)\arcgis\desktop10.2\ArcToolbox\Toolboxes\Data Management Tools.tbx\CalculateField" Date="20170508" Time="153116">CalculateField sinir_cizgi OZEL_ISMI "" VB #</Process><Process ToolSource="c:\program files (x86)\arcgis\desktop10.2\ArcToolbox\Toolboxes\Data Management Tools.tbx\CalculateField" Date="20180802" Time="140319">CalculateField sinir_cizgi_ülke TC_1M "EVET" VB #</Process><Process ToolSource="c:\program files (x86)\arcgis\desktop10.2\ArcToolbox\Toolboxes\Data Management Tools.tbx\CalculateField" Date="20180920" Time="093744">CalculateField sinir_cizgi_ülke TURKIYE_1M "EVET" VB #</Process><Process ToolSource="c:\program files (x86)\arcgis\desktop10.2\ArcToolbox\Toolboxes\Data Management Tools.tbx\CalculateField" Date="20180920" Time="093757">CalculateField sinir_cizgi_ülke TURKIYE_1M "HAYIR" VB #</Process><Process ToolSource="c:\program files (x86)\arcgis\desktop10.2\ArcToolbox\Toolboxes\Data Management Tools.tbx\CalculateField" Date="20181102" Time="111430">CalculateField sinir_cizgi_ülke TC_1M "EVET" VB #</Process><Process ToolSource="c:\program files (x86)\arcgis\desktop10.2\ArcToolbox\Toolboxes\Data Management Tools.tbx\CalculateField" Date="20181102" Time="111440">CalculateField sinir_cizgi_ülke TURKIYE_1M "EVET" VB #</Process><Process ToolSource="c:\program files (x86)\arcgis\desktop10.2\ArcToolbox\Toolboxes\Data Management Tools.tbx\CalculateField" Date="20181227" Time="174531">CalculateField ulke_sınırı DETAY_ADI "ÜLKE_SINIRI" VB #</Process><Process ToolSource="c:\program files (x86)\arcgis\desktop10.2\ArcToolbox\Toolboxes\Data Management Tools.tbx\CalculateField" Date="20181227" Time="174545">CalculateField ulke_sınırı DETAY_ADI "ÜLKE_SINIRI" VB #</Process></lineage><itemProps><itemName Sync="TRUE">ulke_sınırı</itemName><imsContentType Sync="TRUE">002</imsContentType><itemLocation><linkage Sync="TRUE">file://\\M2530\D$\İndirilebilir\ulke_sınırı.shp</linkage><protocol Sync="TRUE">Local Area Network</protocol></itemLocation><itemSize Sync="TRUE">0.000</itemSize></itemProps><coordRef><type Sync="TRUE">Projected</type><geogcsn Sync="TRUE">GCS_WGS_1984</geogcsn><csUnits Sync="TRUE">Linear Unit: Meter (1.000000)</csUnits><projcsn Sync="TRUE">Lambert_Conformal_Conic_TC1M</projcsn><peXml Sync="TRUE">&lt;ProjectedCoordinateSystem xsi:type='typens:ProjectedCoordinateSystem' xmlns:xsi='http://www.w3.org/2001/XMLSchema-instance' xmlns:xs='http://www.w3.org/2001/XMLSchema' xmlns:typens='http://www.esri.com/schemas/ArcGIS/10.1'&gt;&lt;WKT&gt;PROJCS[&amp;quot;Lambert_Conformal_Conic_TC1M&amp;quot;,GEOGCS[&amp;quot;GCS_WGS_1984&amp;quot;,DATUM[&amp;quot;D_WGS_1984&amp;quot;,SPHEROID[&amp;quot;WGS_1984&amp;quot;,6378137.0,298.257223563]],PRIMEM[&amp;quot;Greenwich&amp;quot;,0.0],UNIT[&amp;quot;Degree&amp;quot;,0.0174532925199433]],PROJECTION[&amp;quot;Lambert_Conformal_Conic&amp;quot;],PARAMETER[&amp;quot;False_Easting&amp;quot;,0.0],PARAMETER[&amp;quot;False_Northing&amp;quot;,0.0],PARAMETER[&amp;quot;Central_Meridian&amp;quot;,35.0],PARAMETER[&amp;quot;Standard_Parallel_1&amp;quot;,35.0],PARAMETER[&amp;quot;Standard_Parallel_2&amp;quot;,41.0],PARAMETER[&amp;quot;Latitude_Of_Origin&amp;quot;,0.0],UNIT[&amp;quot;Meter&amp;quot;,1.0]]&lt;/WKT&gt;&lt;XOrigin&gt;-37236000&lt;/XOrigin&gt;&lt;YOrigin&gt;-24571100&lt;/YOrigin&gt;&lt;XYScale&gt;120947460.18290082&lt;/XYScale&gt;&lt;ZOrigin&gt;-100000&lt;/ZOrigin&gt;&lt;ZScale&gt;10000&lt;/ZScale&gt;&lt;MOrigin&gt;-100000&lt;/MOrigin&gt;&lt;MScale&gt;10000&lt;/MScale&gt;&lt;XYTolerance&gt;0.001&lt;/XYTolerance&gt;&lt;ZTolerance&gt;0.001&lt;/ZTolerance&gt;&lt;MTolerance&gt;0.001&lt;/MTolerance&gt;&lt;HighPrecision&gt;true&lt;/HighPrecision&gt;&lt;/ProjectedCoordinateSystem&gt;</peXml></coordRef></DataProperties><SyncDate>20181227</SyncDate><SyncTime>17440500</SyncTime><ModDate>20181227</ModDate><ModTime>17440500</ModTime><ArcGISFormat>1.0</ArcGISFormat></Esri><idinfo><citation><citeinfo><onlink Sync="TRUE">\\M1413\D$\tematik2007\tc1m\veri\tc1m.mdb</onlink></citeinfo></citation></idinfo><distInfo><distributor><distorTran><onLineSrc><linkage Sync="TRUE">file://\\M1413\D$\tematik2007\tc1m\veri\tc1m.mdb</linkage><protocol Sync="TRUE">Local Area Network</protocol></onLineSrc></distorTran></distributor><distFormat><formatName Sync="TRUE">Shapefile</formatName></distFormat><distTranOps><transSize Sync="TRUE">0.000</transSize></distTranOps></distInfo><dataqual><lineage><procstep><procdesc Sync="TRUE">Dataset copied.</procdesc><srcused Sync="TRUE">\\M0101\d\tematik2007\tc1m\veri\tc1m_ibrahim.mdb</srcused><date Sync="TRUE">20070508</date><time Sync="TRUE">14511500</time></procstep><procstep><procdesc Sync="TRUE">Dataset copied.</procdesc><srcused Sync="TRUE">\\M1413\D$\tematik2007\tc1m\veri\tc1m_mehmet.mdb</srcused><date Sync="TRUE">20070509</date><time Sync="TRUE">13565000</time></procstep><procstep><procdesc Sync="TRUE">Dataset copied.</procdesc><srcused Sync="TRUE">\\M1413\D$\tematik2007\tc1m\veri\tc1m_ibrahim.mdb</srcused><date Sync="TRUE">20070530</date><time Sync="TRUE">16061800</time></procstep><procstep><procdesc Sync="TRUE">Dataset copied.</procdesc><srcused Sync="TRUE">\\M1413\D$\tematik2007\tc1m\veri\tc1m_mehmet.mdb</srcused><date Sync="TRUE">20070531</date><time Sync="TRUE">10034300</time></procstep><procstep><procdesc Sync="TRUE">Dataset copied.</procdesc><srcused Sync="TRUE">\\M1413\D$\tematik2007\tc1m\veri\tc1m_ibrahim.mdb</srcused><date Sync="TRUE">20070607</date><time Sync="TRUE">09373100</time></procstep><procstep><procdesc Sync="TRUE">Dataset copied.</procdesc><srcused Sync="TRUE">\\M1413\D$\tematik2007\tc1m\veri\tc1m_ibrahim.mdb</srcused><date Sync="TRUE">20070607</date><time Sync="TRUE">16092300</time></procstep><procstep><procdesc Sync="TRUE">Dataset copied.</procdesc><srcused Sync="TRUE">\\M1413\D$\tematik2007\tc1m\veri\tc1m_mehmet.mdb</srcused><date Sync="TRUE">20070608</date><time Sync="TRUE">09023600</time></procstep><procstep><procdesc Sync="TRUE">Dataset copied.</procdesc><srcused Sync="TRUE">\\M1413\D$\tematik2007\copluk\tc1m_ibrahim.mdb</srcused><date Sync="TRUE">20070615</date><time Sync="TRUE">10084300</time></procstep><procstep><procdesc Sync="TRUE">Dataset copied.</procdesc><srcused Sync="TRUE">\\M0101\d\tematik2007\tc1m\veri\tc1m.mdb</srcused><date Sync="TRUE">20070619</date><time Sync="TRUE">15405200</time></procstep></lineage></dataqual><dataIdInfo><envirDesc Sync="TRUE"> Version 6.2 (Build 9200) ; Esri ArcGIS 10.2.2.3552</envirDesc><dataLang><languageCode value="tur" Sync="TRUE"></languageCode><countryCode value="TUR" Sync="TRUE"></countryCode></dataLang><idCitation><resTitle Sync="TRUE">ulke_sınırı</resTitle><presForm><PresFormCd value="005" Sync="TRUE"></PresFormCd></presForm></idCitation><spatRpType><SpatRepTypCd value="001" Sync="TRUE"></SpatRepTypCd></spatRpType></dataIdInfo><mdLang><languageCode value="tur" Sync="TRUE"></languageCode><countryCode value="TUR" Sync="TRUE"></countryCode></mdLang><mdHrLv><ScopeCd value="005" Sync="TRUE"></ScopeCd></mdHrLv><mdHrLvName Sync="TRUE">dataset</mdHrLvName><refSysInfo><RefSystem><refSysID><identCode code="0" Sync="TRUE"></identCode></refSysID></RefSystem></refSysInfo><spatRepInfo><VectSpatRep><geometObjs Name="ulke_sınırı"><geoObjTyp><GeoObjTypCd value="002" Sync="TRUE"></GeoObjTypCd></geoObjTyp><geoObjCnt Sync="TRUE">0</geoObjCnt></geometObjs><topLvl><TopoLevCd value="001" Sync="TRUE"></TopoLevCd></topLvl></VectSpatRep></spatRepInfo><spdoinfo><ptvctinf><esriterm Name="ulke_sınırı"><efeatyp Sync="TRUE">Simple</efeatyp><efeageom code="3" Sync="TRUE"></efeageom><esritopo Sync="TRUE">FALSE</esritopo><efeacnt Sync="TRUE">0</efeacnt><spindex Sync="TRUE">FALSE</spindex><linrefer Sync="TRUE">FALSE</linrefer></esriterm></ptvctinf></spdoinfo><eainfo><detailed Name="ulke_sınırı"><enttyp><enttypl Sync="TRUE">ulke_sınırı</enttypl><enttypt Sync="TRUE">Feature Class</enttypt><enttypc Sync="TRUE">0</enttypc></enttyp><attr><attrlabl Sync="TRUE">FID</attrlabl><attalias Sync="TRUE">FID</attalias><attrtype Sync="TRUE">OID</attrtype><attwidth Sync="TRUE">4</attwidth><atprecis Sync="TRUE">0</atprecis><attscale Sync="TRUE">0</attscale><attrdef Sync="TRUE">Internal feature number.</attrdef><attrdefs Sync="TRUE">Esri</attrdefs><attrdomv><udom Sync="TRUE">Sequential unique whole numbers that are automatically generated.</udom></attrdomv></attr><attr><attrlabl Sync="TRUE">Shape</attrlabl><attalias Sync="TRUE">Shape</attalias><attrtype Sync="TRUE">Geometry</attrtype><attwidth Sync="TRUE">0</attwidth><atprecis Sync="TRUE">0</atprecis><attscale Sync="TRUE">0</attscale><attrdef Sync="TRUE">Feature geometry.</attrdef><attrdefs Sync="TRUE">Esri</attrdefs><attrdomv><udom Sync="TRUE">Coordinates defining the features.</udom></attrdomv></attr><attr><attrlabl Sync="TRUE">SEMBOL</attrlabl><attalias Sync="TRUE">SEMBOL</attalias><attrtype Sync="TRUE">String</attrtype><attwidth Sync="TRUE">10</attwidth><atprecis Sync="TRUE">0</atprecis><attscale Sync="TRUE">0</attscale></attr><attr><attrlabl Sync="TRUE">DETAY_ADI</attrlabl><attalias Sync="TRUE">DETAY_ADI</attalias><attrtype Sync="TRUE">String</attrtype><attwidth Sync="TRUE">50</attwidth><atprecis Sync="TRUE">0</atprecis><attscale Sync="TRUE">0</attscale></attr><attr><attrlabl Sync="TRUE">OZEL_ISMI</attrlabl><attalias Sync="TRUE">OZEL_ISMI</attalias><attrtype Sync="TRUE">String</attrtype><attwidth Sync="TRUE">30</attwidth><atprecis Sync="TRUE">0</atprecis><attscale Sync="TRUE">0</attscale></attr><attr><attrlabl Sync="TRUE">Shape_Leng</attrlabl><attalias Sync="TRUE">Shape_Leng</attalias><attrtype Sync="TRUE">Double</attrtype><attwidth Sync="TRUE">19</attwidth><atprecis Sync="TRUE">0</atprecis><attscale Sync="TRUE">0</attscale></attr><attr><attrlabl Sync="TRUE">TC_1M</attrlabl><attalias Sync="TRUE">TC_1M</attalias><attrtype Sync="TRUE">String</attrtype><attwidth Sync="TRUE">5</attwidth><atprecis Sync="TRUE">0</atprecis><attscale Sync="TRUE">0</attscale></attr><attr><attrlabl Sync="TRUE">TURKIYE_1M</attrlabl><attalias Sync="TRUE">TURKIYE_1M</attalias><attrtype Sync="TRUE">String</attrtype><attwidth Sync="TRUE">5</attwidth><atprecis Sync="TRUE">0</atprecis><attscale Sync="TRUE">0</attscale></attr><attr><attrlabl Sync="TRUE">TURKIYE_1_</attrlabl><attalias Sync="TRUE">TURKIYE_1_</attalias><attrtype Sync="TRUE">String</attrtype><attwidth Sync="TRUE">5</attwidth><atprecis Sync="TRUE">0</atprecis><attscale Sync="TRUE">0</attscale></attr><attr><attrlabl Sync="TRUE">Shape_Le_1</attrlabl><attalias Sync="TRUE">Shape_Le_1</attalias><attrtype Sync="TRUE">Double</attrtype><attwidth Sync="TRUE">19</attwidth><atprecis Sync="TRUE">0</atprecis><attscale Sync="TRUE">0</attscale></attr></detailed></eainfo><mdDateSt Sync="TRUE">20181227</mdDateSt></metadata>
