<?xml version="1.0" encoding="UTF-8"?>
<metadata xml:lang="tr"><Esri><CreaDate>20160219</CreaDate><CreaTime>11171800</CreaTime><ArcGISFormat>1.0</ArcGISFormat><SyncOnce>FALSE</SyncOnce><DataProperties><lineage><Process ToolSource="c:\program files\arcgis\desktop10.1\ArcToolbox\Toolboxes\Data Management Tools.tbx\CalculateField" Date="20131108" Time="142115">CalculateField YerlesimYerleri_Nokta GOSTERIM 1 VB #</Process><Process ToolSource="c:\program files\arcgis\desktop10.1\ArcToolbox\Toolboxes\Data Management Tools.tbx\CalculateField" Date="20131108" Time="142230">CalculateField YerlesimYerleri_Nokta GOSTERIM 0 VB #</Process><Process ToolSource="c:\program files\arcgis\desktop10.1\ArcToolbox\Toolboxes\Data Management Tools.tbx\CalculateField" Date="20131108" Time="142311">CalculateField YerlesimYerleri_Nokta GOSTERIM 0 VB #</Process><Process ToolSource="c:\program files\arcgis\desktop10.1\ArcToolbox\Toolboxes\Data Management Tools.tbx\CalculateField" Date="20131108" Time="142350">CalculateField YerlesimYerleri_Nokta GOSTERIM 0 VB #</Process><Process ToolSource="c:\program files\arcgis\desktop10.1\ArcToolbox\Toolboxes\Data Management Tools.tbx\CalculateField" Date="20131108" Time="142408">CalculateField YerlesimYerleri_Nokta GOSTERIM 0 VB #</Process><Process ToolSource="c:\program files\arcgis\desktop10.1\ArcToolbox\Toolboxes\Data Management Tools.tbx\CalculateField" Date="20131111" Time="092054">CalculateField YerlesimYerleri_Nokta GOSTERIM 1 VB #</Process><Process ToolSource="c:\program files\arcgis\desktop10.1\ArcToolbox\Toolboxes\Data Management Tools.tbx\CalculateField" Date="20131111" Time="093930">CalculateField YerlesimYerleri_Nokta GOSTERIM 0 VB #</Process><Process ToolSource="c:\program files\arcgis\desktop10.1\ArcToolbox\Toolboxes\Data Management Tools.tbx\CalculateField" Date="20131111" Time="093953">CalculateField YerlesimYerleri_Nokta GOSTERIM 0 VB #</Process><Process ToolSource="c:\program files\arcgis\desktop10.1\ArcToolbox\Toolboxes\Data Management Tools.tbx\CalculateField" Date="20131111" Time="094020">CalculateField YerlesimYerleri_Nokta GOSTERIM 0 VB #</Process><Process ToolSource="c:\program files\arcgis\desktop10.1\ArcToolbox\Toolboxes\Data Management Tools.tbx\CalculateField" Date="20131111" Time="094113">CalculateField YerlesimYerleri_Nokta GOSTERIM 0 VB #</Process><Process ToolSource="c:\program files\arcgis\desktop10.1\ArcToolbox\Toolboxes\Data Management Tools.tbx\CalculateField" Date="20131111" Time="094131">CalculateField YerlesimYerleri_Nokta GOSTERIM 0 VB #</Process><Process ToolSource="c:\program files\arcgis\desktop10.1\ArcToolbox\Toolboxes\Data Management Tools.tbx\CalculateField" Date="20131111" Time="094217">CalculateField YerlesimYerleri_Nokta GOSTERIM 0 VB #</Process><Process ToolSource="c:\program files\arcgis\desktop10.1\ArcToolbox\Toolboxes\Data Management Tools.tbx\CalculateField" Date="20131111" Time="094240">CalculateField YerlesimYerleri_Nokta GOSTERIM 0 VB #</Process><Process ToolSource="c:\program files\arcgis\desktop10.1\ArcToolbox\Toolboxes\Data Management Tools.tbx\CalculateField" Date="20131111" Time="094257">CalculateField YerlesimYerleri_Nokta GOSTERIM 0 VB #</Process><Process ToolSource="c:\program files\arcgis\desktop10.1\ArcToolbox\Toolboxes\Data Management Tools.tbx\CalculateField" Date="20131111" Time="094316">CalculateField YerlesimYerleri_Nokta GOSTERIM 0 VB #</Process><Process ToolSource="c:\program files\arcgis\desktop10.1\ArcToolbox\Toolboxes\Data Management Tools.tbx\CalculateField" Date="20131111" Time="094340">CalculateField YerlesimYerleri_Nokta GOSTERIM 0 VB #</Process><Process ToolSource="c:\program files\arcgis\desktop10.1\ArcToolbox\Toolboxes\Data Management Tools.tbx\CalculateField" Date="20131111" Time="094358">CalculateField YerlesimYerleri_Nokta GOSTERIM 0 VB #</Process><Process ToolSource="c:\program files\arcgis\desktop10.1\ArcToolbox\Toolboxes\Data Management Tools.tbx\CalculateField" Date="20131111" Time="094453">CalculateField YerlesimYerleri_Nokta GOSTERIM 0 VB #</Process><Process ToolSource="c:\program files\arcgis\desktop10.1\ArcToolbox\Toolboxes\Data Management Tools.tbx\CalculateField" Date="20131111" Time="094545">CalculateField YerlesimYerleri_Nokta GOSTERIM 0 VB #</Process><Process ToolSource="c:\program files\arcgis\desktop10.1\ArcToolbox\Toolboxes\Data Management Tools.tbx\CalculateField" Date="20131111" Time="094627">CalculateField YerlesimYerleri_Nokta GOSTERIM 0 VB #</Process><Process ToolSource="c:\program files\arcgis\desktop10.1\ArcToolbox\Toolboxes\Data Management Tools.tbx\CalculateField" Date="20131111" Time="094731">CalculateField YerlesimYerleri_Nokta GOSTERIM 0 VB #</Process><Process ToolSource="c:\program files\arcgis\desktop10.1\ArcToolbox\Toolboxes\Data Management Tools.tbx\CalculateField" Date="20131111" Time="094825">CalculateField YerlesimYerleri_Nokta GOSTERIM 1 VB #</Process><Process ToolSource="c:\program files\arcgis\desktop10.1\ArcToolbox\Toolboxes\Conversion Tools.tbx\FeatureClassToFeatureClass" Date="20131115" Time="103829">FeatureClassToFeatureClass D:\TEMATIK\Türkiye_Mülki_İdare_1M_2013\veri\MulkiIdareLamberConformal.gdb\LamberConformal\YerlesimYerleri_Nokta D:\paylaşım yerlesim_noktashape.shp # "Bucak_ID "Bucak_ID" true true false 8 Double 0 0 ,First,#,D:\TEMATIK\Türkiye_Mülki_İdare_1M_2013\veri\MulkiIdareLamberConformal.gdb\LamberConformal\YerlesimYerleri_Nokta,Bucak_ID,-1,-1;Il_Adi "Il_Adi" true true false 254 Text 0 0 ,First,#,D:\TEMATIK\Türkiye_Mülki_İdare_1M_2013\veri\MulkiIdareLamberConformal.gdb\LamberConformal\YerlesimYerleri_Nokta,Il_Adi,-1,-1;Ilce_Adi "Ilce_Adi" true true false 254 Text 0 0 ,First,#,D:\TEMATIK\Türkiye_Mülki_İdare_1M_2013\veri\MulkiIdareLamberConformal.gdb\LamberConformal\YerlesimYerleri_Nokta,Ilce_Adi,-1,-1;Bucak_Adi "Bucak_Adi" true true false 254 Text 0 0 ,First,#,D:\TEMATIK\Türkiye_Mülki_İdare_1M_2013\veri\MulkiIdareLamberConformal.gdb\LamberConformal\YerlesimYerleri_Nokta,Bucak_Adi,-1,-1;Koy_Adi "Koy_Adi" true true false 254 Text 0 0 ,First,#,D:\TEMATIK\Türkiye_Mülki_İdare_1M_2013\veri\MulkiIdareLamberConformal.gdb\LamberConformal\YerlesimYerleri_Nokta,Koy_Adi,-1,-1;Rakim "Rakim" true true false 8 Double 0 0 ,First,#,D:\TEMATIK\Türkiye_Mülki_İdare_1M_2013\veri\MulkiIdareLamberConformal.gdb\LamberConformal\YerlesimYerleri_Nokta,Rakim,-1,-1;Nüfus "Nüfus" true true false 8 Double 0 0 ,First,#,D:\TEMATIK\Türkiye_Mülki_İdare_1M_2013\veri\MulkiIdareLamberConformal.gdb\LamberConformal\YerlesimYerleri_Nokta,Nüfus,-1,-1;_25_000_P "_25_000_P" true true false 254 Text 0 0 ,First,#,D:\TEMATIK\Türkiye_Mülki_İdare_1M_2013\veri\MulkiIdareLamberConformal.gdb\LamberConformal\YerlesimYerleri_Nokta,_25_000_P,-1,-1;Saga_Deger "Saga_Deger" true true false 8 Double 0 0 ,First,#,D:\TEMATIK\Türkiye_Mülki_İdare_1M_2013\veri\MulkiIdareLamberConformal.gdb\LamberConformal\YerlesimYerleri_Nokta,Saga_Deger,-1,-1;Yukari_Deg "Yukari_Deg" true true false 8 Double 0 0 ,First,#,D:\TEMATIK\Türkiye_Mülki_İdare_1M_2013\veri\MulkiIdareLamberConformal.gdb\LamberConformal\YerlesimYerleri_Nokta,Yukari_Deg,-1,-1;Belediye "Belediye" true true false 2 Short 0 0 ,First,#,D:\TEMATIK\Türkiye_Mülki_İdare_1M_2013\veri\MulkiIdareLamberConformal.gdb\LamberConformal\YerlesimYerleri_Nokta,Belediye,-1,-1;Enlem_Dere "Enlem_Dere" true true false 8 Double 0 0 ,First,#,D:\TEMATIK\Türkiye_Mülki_İdare_1M_2013\veri\MulkiIdareLamberConformal.gdb\LamberConformal\YerlesimYerleri_Nokta,Enlem_Dere,-1,-1;Boylam_Der "Boylam_Der" true true false 8 Double 0 0 ,First,#,D:\TEMATIK\Türkiye_Mülki_İdare_1M_2013\veri\MulkiIdareLamberConformal.gdb\LamberConformal\YerlesimYerleri_Nokta,Boylam_Der,-1,-1;Nüfus_Bulu "Nüfus_Bulu" true true false 8 Double 0 0 ,First,#,D:\TEMATIK\Türkiye_Mülki_İdare_1M_2013\veri\MulkiIdareLamberConformal.gdb\LamberConformal\YerlesimYerleri_Nokta,Nüfus_Bulu,-1,-1;Mevcudiyet "Mevcudiyet_25K" true true false 50 Text 0 0 ,First,#,D:\TEMATIK\Türkiye_Mülki_İdare_1M_2013\veri\MulkiIdareLamberConformal.gdb\LamberConformal\YerlesimYerleri_Nokta,Mevcudiyet_25K,-1,-1;Mevcudiy_1 "Mevcudiyet_1_MILYON" true true false 50 Text 0 0 ,First,#,D:\TEMATIK\Türkiye_Mülki_İdare_1M_2013\veri\MulkiIdareLamberConformal.gdb\LamberConformal\YerlesimYerleri_Nokta,Mevcudiyet_1_MILYON,-1,-1;durumu "durumu" true true false 50 Text 0 0 ,First,#,D:\TEMATIK\Türkiye_Mülki_İdare_1M_2013\veri\MulkiIdareLamberConformal.gdb\LamberConformal\YerlesimYerleri_Nokta,durumu,-1,-1;açıklama "açıklama" true true false 50 Text 0 0 ,First,#,D:\TEMATIK\Türkiye_Mülki_İdare_1M_2013\veri\MulkiIdareLamberConformal.gdb\LamberConformal\YerlesimYerleri_Nokta,açıklama,-1,-1;TİPİ "TİPİ" true true false 50 Text 0 0 ,First,#,D:\TEMATIK\Türkiye_Mülki_İdare_1M_2013\veri\MulkiIdareLamberConformal.gdb\LamberConformal\YerlesimYerleri_Nokta,TİPİ,-1,-1;GOSTERIM "GOSTERIM" true true false 2 Short 0 0 ,First,#,D:\TEMATIK\Türkiye_Mülki_İdare_1M_2013\veri\MulkiIdareLamberConformal.gdb\LamberConformal\YerlesimYerleri_Nokta,GOSTERIM,-1,-1" #</Process><Process ToolSource="c:\program files\arcgis\desktop10.1\ArcToolbox\Toolboxes\Conversion Tools.tbx\FeatureClassToFeatureClass" Date="20131115" Time="110710">FeatureClassToFeatureClass D:\paylaşım\denme\yerlesim_noktashape.shp D:\TEMATIK\Türkiye_Mülki_İdare_1M_2013\veri\MulkiIdareLamberConformal.gdb\LamberConformal Yerlesim_Yerleri_Nokta_KucukHarf # "Bucak_ID "Bucak_ID" true true false 19 Double 0 0 ,First,#,D:\paylaşım\denme\yerlesim_noktashape.shp,Bucak_ID,-1,-1;Il_Adi "Il_Adi" true true false 254 Text 0 0 ,First,#,D:\paylaşım\denme\yerlesim_noktashape.shp,Il_Adi,-1,-1;Ilce_Adi "Ilce_Adi" true true false 254 Text 0 0 ,First,#,D:\paylaşım\denme\yerlesim_noktashape.shp,Ilce_Adi,-1,-1;Bucak_Adi "Bucak_Adi" true true false 254 Text 0 0 ,First,#,D:\paylaşım\denme\yerlesim_noktashape.shp,Bucak_Adi,-1,-1;Koy_Adi "Koy_Adi" true true false 254 Text 0 0 ,First,#,D:\paylaşım\denme\yerlesim_noktashape.shp,Koy_Adi,-1,-1;Rakim "Rakim" true true false 19 Double 0 0 ,First,#,D:\paylaşım\denme\yerlesim_noktashape.shp,Rakim,-1,-1;Nüfus "Nüfus" true true false 19 Double 0 0 ,First,#,D:\paylaşım\denme\yerlesim_noktashape.shp,Nüfus,-1,-1;_25_000_P "_25_000_P" true true false 254 Text 0 0 ,First,#,D:\paylaşım\denme\yerlesim_noktashape.shp,_25_000_P,-1,-1;Saga_Deger "Saga_Deger" true true false 19 Double 0 0 ,First,#,D:\paylaşım\denme\yerlesim_noktashape.shp,Saga_Deger,-1,-1;Yukari_Deg "Yukari_Deg" true true false 19 Double 0 0 ,First,#,D:\paylaşım\denme\yerlesim_noktashape.shp,Yukari_Deg,-1,-1;Belediye "Belediye" true true false 4 Short 0 4 ,First,#,D:\paylaşım\denme\yerlesim_noktashape.shp,Belediye,-1,-1;Enlem_Dere "Enlem_Dere" true true false 19 Double 0 0 ,First,#,D:\paylaşım\denme\yerlesim_noktashape.shp,Enlem_Dere,-1,-1;Boylam_Der "Boylam_Der" true true false 19 Double 0 0 ,First,#,D:\paylaşım\denme\yerlesim_noktashape.shp,Boylam_Der,-1,-1;Nüfus_Bulu "Nüfus_Bulu" true true false 19 Double 0 0 ,First,#,D:\paylaşım\denme\yerlesim_noktashape.shp,Nüfus_Bulu,-1,-1;Mevcudiyet "Mevcudiyet" true true false 50 Text 0 0 ,First,#,D:\paylaşım\denme\yerlesim_noktashape.shp,Mevcudiyet,-1,-1;Mevcudiy_1 "Mevcudiy_1" true true false 50 Text 0 0 ,First,#,D:\paylaşım\denme\yerlesim_noktashape.shp,Mevcudiy_1,-1,-1;durumu "durumu" true true false 50 Text 0 0 ,First,#,D:\paylaşım\denme\yerlesim_noktashape.shp,durumu,-1,-1;açıklama "açıklama" true true false 50 Text 0 0 ,First,#,D:\paylaşım\denme\yerlesim_noktashape.shp,açıklama,-1,-1;TİPİ "TİPİ" true true false 50 Text 0 0 ,First,#,D:\paylaşım\denme\yerlesim_noktashape.shp,TİPİ,-1,-1;GOSTERIM "GOSTERIM" true true false 4 Short 0 4 ,First,#,D:\paylaşım\denme\yerlesim_noktashape.shp,GOSTERIM,-1,-1;BUCAK_A_KU "BUCAK_A_KU" true true false 254 Text 0 0 ,First,#,D:\paylaşım\denme\yerlesim_noktashape.shp,BUCAK_A_KU,-1,-1" #</Process><Process ToolSource="c:\program files\arcgis\desktop10.1\ArcToolbox\Toolboxes\Data Management Tools.tbx\CalculateField" Date="20131202" Time="095940">CalculateField YerlesimYerleri_Nokta SEMBOL 1 VB #</Process><Process ToolSource="c:\program files\arcgis\desktop10.1\ArcToolbox\Toolboxes\Data Management Tools.tbx\CalculateField" Date="20131202" Time="100009">CalculateField YerlesimYerleri_Nokta SEMBOL 2 VB #</Process><Process ToolSource="c:\program files\arcgis\desktop10.1\ArcToolbox\Toolboxes\Data Management Tools.tbx\CalculateField" Date="20131202" Time="100030">CalculateField YerlesimYerleri_Nokta SEMBOL 3 VB #</Process><Process ToolSource="c:\program files (x86)\arcgis\desktop10.2\ArcToolbox\Toolboxes\Data Management Tools.tbx\CalculateField" Date="20181228" Time="105540">CalculateField "New Group Layer\yerlesim_nokta" Bolge_Adi "Ege Bölgesi" VB #</Process><Process ToolSource="c:\program files (x86)\arcgis\desktop10.2\ArcToolbox\Toolboxes\Data Management Tools.tbx\CalculateField" Date="20181228" Time="105606">CalculateField "New Group Layer\yerlesim_nokta" Bolum_Adi "Ege Bölümüi" VB #</Process><Process ToolSource="c:\program files (x86)\arcgis\desktop10.2\ArcToolbox\Toolboxes\Data Management Tools.tbx\CalculateField" Date="20181228" Time="105615">CalculateField "New Group Layer\yerlesim_nokta" Bolum_Adi "Ege Bölümü" VB #</Process><Process ToolSource="c:\program files (x86)\arcgis\desktop10.2\ArcToolbox\Toolboxes\Data Management Tools.tbx\CalculateField" Date="20181228" Time="105646">CalculateField "New Group Layer\yerlesim_nokta" Bolge_Adi "Ege Bölgesi" VB #</Process><Process ToolSource="c:\program files (x86)\arcgis\desktop10.2\ArcToolbox\Toolboxes\Data Management Tools.tbx\CalculateField" Date="20181228" Time="105702">CalculateField "New Group Layer\yerlesim_nokta" Bolum_Adi "İç Batı Anadolu Bölümü" VB #</Process><Process ToolSource="c:\program files (x86)\arcgis\desktop10.2\ArcToolbox\Toolboxes\Data Management Tools.tbx\CalculateField" Date="20181228" Time="105733">CalculateField "New Group Layer\yerlesim_nokta" Bolge_Adi "Marmara Bölgesi" VB #</Process><Process ToolSource="c:\program files (x86)\arcgis\desktop10.2\ArcToolbox\Toolboxes\Data Management Tools.tbx\CalculateField" Date="20181228" Time="105748">CalculateField "New Group Layer\yerlesim_nokta" Bolum_Adi "Güney Marmara Bölümü" VB #</Process><Process ToolSource="c:\program files (x86)\arcgis\desktop10.2\ArcToolbox\Toolboxes\Data Management Tools.tbx\CalculateField" Date="20181228" Time="105816">CalculateField "New Group Layer\yerlesim_nokta" Bolge_Adi "Marmara Bölgesi" VB #</Process><Process ToolSource="c:\program files (x86)\arcgis\desktop10.2\ArcToolbox\Toolboxes\Data Management Tools.tbx\CalculateField" Date="20181228" Time="105825">CalculateField "New Group Layer\yerlesim_nokta" Bolum_Adi "Ergene Bölümü" VB #</Process><Process ToolSource="c:\program files (x86)\arcgis\desktop10.2\ArcToolbox\Toolboxes\Data Management Tools.tbx\CalculateField" Date="20181228" Time="105914">CalculateField "New Group Layer\yerlesim_nokta" Bolge_Adi "Marmara Bölgesi" VB #</Process><Process ToolSource="c:\program files (x86)\arcgis\desktop10.2\ArcToolbox\Toolboxes\Data Management Tools.tbx\CalculateField" Date="20181228" Time="105922">CalculateField "New Group Layer\yerlesim_nokta" Bolum_Adi "Yıldız Dağları Bölümü" VB #</Process><Process ToolSource="c:\program files (x86)\arcgis\desktop10.2\ArcToolbox\Toolboxes\Data Management Tools.tbx\CalculateField" Date="20181228" Time="105945">CalculateField "New Group Layer\yerlesim_nokta" Bolge_Adi "Marmara Bölgesi" VB #</Process><Process ToolSource="c:\program files (x86)\arcgis\desktop10.2\ArcToolbox\Toolboxes\Data Management Tools.tbx\CalculateField" Date="20181228" Time="105953">CalculateField "New Group Layer\yerlesim_nokta" Bolum_Adi "Çatalca Kocaeli Bölümü" VB #</Process><Process ToolSource="c:\program files (x86)\arcgis\desktop10.2\ArcToolbox\Toolboxes\Data Management Tools.tbx\CalculateField" Date="20181228" Time="111032">CalculateField "New Group Layer\yerlesim_nokta" Bolge_Adi "Karadeniz Bölgesi" VB #</Process><Process ToolSource="c:\program files (x86)\arcgis\desktop10.2\ArcToolbox\Toolboxes\Data Management Tools.tbx\CalculateField" Date="20181228" Time="111044">CalculateField "New Group Layer\yerlesim_nokta" Bolum_Adi "Batı Karadeniz Bölümü" VB #</Process><Process ToolSource="c:\program files (x86)\arcgis\desktop10.2\ArcToolbox\Toolboxes\Data Management Tools.tbx\CalculateField" Date="20181228" Time="111104">CalculateField "New Group Layer\yerlesim_nokta" Bolge_Adi "Karadeniz Bölgesi" VB #</Process><Process ToolSource="c:\program files (x86)\arcgis\desktop10.2\ArcToolbox\Toolboxes\Data Management Tools.tbx\CalculateField" Date="20181228" Time="111134">CalculateField "New Group Layer\yerlesim_nokta" Bolum_Adi "Orta Karadeniz Bölümü" VB #</Process><Process ToolSource="c:\program files (x86)\arcgis\desktop10.2\ArcToolbox\Toolboxes\Data Management Tools.tbx\CalculateField" Date="20181228" Time="111151">CalculateField "New Group Layer\yerlesim_nokta" Bolum_Adi "Doğu Karadeniz Bölümü" VB #</Process><Process ToolSource="c:\program files (x86)\arcgis\desktop10.2\ArcToolbox\Toolboxes\Data Management Tools.tbx\CalculateField" Date="20181228" Time="111209">CalculateField "New Group Layer\yerlesim_nokta" Bolge_Adi "Karadeniz Bölgesi" VB #</Process><Process ToolSource="c:\program files (x86)\arcgis\desktop10.2\ArcToolbox\Toolboxes\Data Management Tools.tbx\CalculateField" Date="20181228" Time="111243">CalculateField "New Group Layer\yerlesim_nokta" Bolge_Adi "Orta Anadolu Bölgesi" VB #</Process><Process ToolSource="c:\program files (x86)\arcgis\desktop10.2\ArcToolbox\Toolboxes\Data Management Tools.tbx\CalculateField" Date="20181228" Time="111257">CalculateField "New Group Layer\yerlesim_nokta" Bolum_Adi "Yukarı Sakarya Bölümü" VB #</Process><Process ToolSource="c:\program files (x86)\arcgis\desktop10.2\ArcToolbox\Toolboxes\Data Management Tools.tbx\CalculateField" Date="20181228" Time="111313">CalculateField "New Group Layer\yerlesim_nokta" Bolum_Adi "Konya Bölümü" VB #</Process><Process ToolSource="c:\program files (x86)\arcgis\desktop10.2\ArcToolbox\Toolboxes\Data Management Tools.tbx\CalculateField" Date="20181228" Time="111332">CalculateField "New Group Layer\yerlesim_nokta" Bolum_Adi "Orta Kızılırmak Bölümü" VB #</Process><Process ToolSource="c:\program files (x86)\arcgis\desktop10.2\ArcToolbox\Toolboxes\Data Management Tools.tbx\CalculateField" Date="20181228" Time="111347">CalculateField "New Group Layer\yerlesim_nokta" Bolum_Adi "Yukarı Kızılırmak Bölümü" VB #</Process><Process ToolSource="c:\program files (x86)\arcgis\desktop10.2\ArcToolbox\Toolboxes\Data Management Tools.tbx\CalculateField" Date="20181228" Time="111405">CalculateField "New Group Layer\yerlesim_nokta" Bolge_Adi "Akdeniz Bölgesi" VB #</Process><Process ToolSource="c:\program files (x86)\arcgis\desktop10.2\ArcToolbox\Toolboxes\Data Management Tools.tbx\CalculateField" Date="20181228" Time="111445">CalculateField "New Group Layer\yerlesim_nokta" Bolum_Adi "Akdeniz Bölgesi" VB #</Process><Process ToolSource="c:\program files (x86)\arcgis\desktop10.2\ArcToolbox\Toolboxes\Data Management Tools.tbx\CalculateField" Date="20181228" Time="111536">CalculateField "New Group Layer\yerlesim_nokta" Bolum_Adi "Antalya Bölümü" VB #</Process><Process ToolSource="c:\program files (x86)\arcgis\desktop10.2\ArcToolbox\Toolboxes\Data Management Tools.tbx\CalculateField" Date="20181228" Time="111614">CalculateField "New Group Layer\yerlesim_nokta" Bolum_Adi "Adana Bölümü" VB #</Process><Process ToolSource="c:\program files (x86)\arcgis\desktop10.2\ArcToolbox\Toolboxes\Data Management Tools.tbx\CalculateField" Date="20181228" Time="111702">CalculateField "New Group Layer\yerlesim_nokta" Bolge_Adi "Güneydoğu Anadolu Bölgesi" VB #</Process><Process ToolSource="c:\program files (x86)\arcgis\desktop10.2\ArcToolbox\Toolboxes\Data Management Tools.tbx\CalculateField" Date="20181228" Time="111719">CalculateField "New Group Layer\yerlesim_nokta" Bolum_Adi "Orta Fırat Bölümü" VB #</Process><Process ToolSource="c:\program files (x86)\arcgis\desktop10.2\ArcToolbox\Toolboxes\Data Management Tools.tbx\CalculateField" Date="20181228" Time="111733">CalculateField "New Group Layer\yerlesim_nokta" Bolum_Adi "Dicle Bölümü" VB #</Process><Process ToolSource="c:\program files (x86)\arcgis\desktop10.2\ArcToolbox\Toolboxes\Data Management Tools.tbx\CalculateField" Date="20181228" Time="111804">CalculateField "New Group Layer\yerlesim_nokta" Bolge_Adi "Doğu Anadolu Bölgesi" VB #</Process><Process ToolSource="c:\program files (x86)\arcgis\desktop10.2\ArcToolbox\Toolboxes\Data Management Tools.tbx\CalculateField" Date="20181228" Time="111824">CalculateField "New Group Layer\yerlesim_nokta" Bolum_Adi "Yukarı Fırat Bölümü" VB #</Process><Process ToolSource="c:\program files (x86)\arcgis\desktop10.2\ArcToolbox\Toolboxes\Data Management Tools.tbx\CalculateField" Date="20181228" Time="111840">CalculateField "New Group Layer\yerlesim_nokta" Bolum_Adi "Erzurum-Kars Bölümü" VB #</Process><Process ToolSource="c:\program files (x86)\arcgis\desktop10.2\ArcToolbox\Toolboxes\Data Management Tools.tbx\CalculateField" Date="20181228" Time="111853">CalculateField "New Group Layer\yerlesim_nokta" Bolum_Adi "Yukarı Murat Bölümü" VB #</Process><Process ToolSource="c:\program files (x86)\arcgis\desktop10.2\ArcToolbox\Toolboxes\Data Management Tools.tbx\CalculateField" Date="20181228" Time="111909">CalculateField "New Group Layer\yerlesim_nokta" Bolum_Adi "Van Bölümü" VB #</Process><Process ToolSource="c:\program files (x86)\arcgis\desktop10.2\ArcToolbox\Toolboxes\Data Management Tools.tbx\CalculateField" Date="20181228" Time="111924">CalculateField "New Group Layer\yerlesim_nokta" Bolum_Adi "Hakkâri Bölümü" VB #</Process><Process ToolSource="c:\program files (x86)\arcgis\desktop10.2\ArcToolbox\Toolboxes\Data Management Tools.tbx\CalculateField" Date="20181228" Time="112018">CalculateField "New Group Layer\yerlesim_nokta" Bolge_Adi "Karadeniz Bölgesi" VB #</Process><Process ToolSource="c:\program files (x86)\arcgis\desktop10.2\ArcToolbox\Toolboxes\Data Management Tools.tbx\CalculateField" Date="20181228" Time="112027">CalculateField "New Group Layer\yerlesim_nokta" Bolum_Adi "Doğu Karadeniz Bölümü" VB #</Process><Process ToolSource="c:\program files (x86)\arcgis\desktop10.2\ArcToolbox\Toolboxes\Data Management Tools.tbx\CalculateField" Date="20181228" Time="112053">CalculateField "New Group Layer\yerlesim_nokta" Bolge_Adi "Marmara Bölgesi" VB #</Process><Process ToolSource="c:\program files (x86)\arcgis\desktop10.2\ArcToolbox\Toolboxes\Data Management Tools.tbx\CalculateField" Date="20181228" Time="112108">CalculateField "New Group Layer\yerlesim_nokta" Bolum_Adi "Çatalca Kocaeli Bölümü" VB #</Process></lineage><itemProps><itemName Sync="TRUE">yer_nokta</itemName><imsContentType Sync="TRUE">002</imsContentType><itemSize Sync="TRUE">0.000</itemSize><itemLocation><linkage Sync="TRUE">file://\\M2550\D\tematik2015\il_ilce_sınır_2016\yer_nokta.shp</linkage><protocol Sync="TRUE">Local Area Network</protocol></itemLocation></itemProps><coordRef><type Sync="TRUE">Projected</type><geogcsn Sync="TRUE">GCS_WGS_1984</geogcsn><csUnits Sync="TRUE">Linear Unit: Meter (1.000000)</csUnits><projcsn Sync="TRUE">Lambert_Mulki</projcsn><peXml Sync="TRUE">&lt;ProjectedCoordinateSystem xsi:type='typens:ProjectedCoordinateSystem' xmlns:xsi='http://www.w3.org/2001/XMLSchema-instance' xmlns:xs='http://www.w3.org/2001/XMLSchema' xmlns:typens='http://www.esri.com/schemas/ArcGIS/10.1'&gt;&lt;WKT&gt;PROJCS[&amp;quot;Lambert_Mulki&amp;quot;,GEOGCS[&amp;quot;GCS_WGS_1984&amp;quot;,DATUM[&amp;quot;D_WGS_1984&amp;quot;,SPHEROID[&amp;quot;WGS_1984&amp;quot;,6378137.0,298.257223563]],PRIMEM[&amp;quot;Greenwich&amp;quot;,0.0],UNIT[&amp;quot;Degree&amp;quot;,0.0174532925199433]],PROJECTION[&amp;quot;Lambert_Conformal_Conic&amp;quot;],PARAMETER[&amp;quot;False_Easting&amp;quot;,0.0],PARAMETER[&amp;quot;False_Northing&amp;quot;,0.0],PARAMETER[&amp;quot;Central_Meridian&amp;quot;,35.0],PARAMETER[&amp;quot;Standard_Parallel_1&amp;quot;,36.5],PARAMETER[&amp;quot;Standard_Parallel_2&amp;quot;,41.0],PARAMETER[&amp;quot;Scale_Factor&amp;quot;,1.0],PARAMETER[&amp;quot;Latitude_Of_Origin&amp;quot;,0.0],UNIT[&amp;quot;Meter&amp;quot;,1.0]]&lt;/WKT&gt;&lt;XOrigin&gt;-37143300&lt;/XOrigin&gt;&lt;YOrigin&gt;-24584400&lt;/YOrigin&gt;&lt;XYScale&gt;121249313.53354427&lt;/XYScale&gt;&lt;ZOrigin&gt;-100000&lt;/ZOrigin&gt;&lt;ZScale&gt;10000&lt;/ZScale&gt;&lt;MOrigin&gt;-100000&lt;/MOrigin&gt;&lt;MScale&gt;10000&lt;/MScale&gt;&lt;XYTolerance&gt;0.001&lt;/XYTolerance&gt;&lt;ZTolerance&gt;0.001&lt;/ZTolerance&gt;&lt;MTolerance&gt;0.001&lt;/MTolerance&gt;&lt;HighPrecision&gt;true&lt;/HighPrecision&gt;&lt;/ProjectedCoordinateSystem&gt;</peXml></coordRef></DataProperties><SyncDate>20160209</SyncDate><SyncTime>11421800</SyncTime><ModDate>20160209</ModDate><ModTime>11421800</ModTime></Esri><dataIdInfo><envirDesc Sync="TRUE"> Version 6.2 (Build 9200) ; Esri ArcGIS 10.2.2.3552</envirDesc><dataLang><languageCode value="tur" Sync="TRUE"></languageCode><countryCode value="TUR" Sync="TRUE"></countryCode></dataLang><idCitation><resTitle Sync="TRUE">yer_nokta</resTitle><presForm><PresFormCd value="005" Sync="TRUE"></PresFormCd></presForm></idCitation><spatRpType><SpatRepTypCd value="001" Sync="TRUE"></SpatRepTypCd></spatRpType></dataIdInfo><mdLang><languageCode value="tur" Sync="TRUE"></languageCode><countryCode value="TUR" Sync="TRUE"></countryCode></mdLang><mdChar><CharSetCd value="004" Sync="TRUE"></CharSetCd></mdChar><distInfo><distFormat><formatName Sync="TRUE">Shapefile</formatName></distFormat><distTranOps><transSize Sync="TRUE">0.000</transSize></distTranOps></distInfo><mdHrLv><ScopeCd value="005" Sync="TRUE"></ScopeCd></mdHrLv><mdHrLvName Sync="TRUE">dataset</mdHrLvName><refSysInfo><RefSystem><refSysID><identCode code="0" Sync="TRUE" value="0"></identCode></refSysID></RefSystem></refSysInfo><spatRepInfo><VectSpatRep><geometObjs Name="yer_nokta"><geoObjTyp><GeoObjTypCd value="004" Sync="TRUE"></GeoObjTypCd></geoObjTyp><geoObjCnt Sync="TRUE">0</geoObjCnt></geometObjs><topLvl><TopoLevCd value="001" Sync="TRUE"></TopoLevCd></topLvl></VectSpatRep></spatRepInfo><spdoinfo><ptvctinf><esriterm Name="yer_nokta"><efeatyp Sync="TRUE">Simple</efeatyp><efeageom code="1" Sync="TRUE"></efeageom><esritopo Sync="TRUE">FALSE</esritopo><efeacnt Sync="TRUE">0</efeacnt><spindex Sync="TRUE">FALSE</spindex><linrefer Sync="TRUE">FALSE</linrefer></esriterm></ptvctinf></spdoinfo><eainfo><detailed Name="yer_nokta"><enttyp><enttypl Sync="TRUE">yer_nokta</enttypl><enttypt Sync="TRUE">Feature Class</enttypt><enttypc Sync="TRUE">0</enttypc></enttyp><attr><attrlabl Sync="TRUE">FID</attrlabl><attalias Sync="TRUE">FID</attalias><attrtype Sync="TRUE">OID</attrtype><attwidth Sync="TRUE">4</attwidth><atprecis Sync="TRUE">0</atprecis><attscale Sync="TRUE">0</attscale><attrdef Sync="TRUE">Internal feature number.</attrdef><attrdefs Sync="TRUE">Esri</attrdefs><attrdomv><udom Sync="TRUE">Sequential unique whole numbers that are automatically generated.</udom></attrdomv></attr><attr><attrlabl Sync="TRUE">Shape</attrlabl><attalias Sync="TRUE">Shape</attalias><attrtype Sync="TRUE">Geometry</attrtype><attwidth Sync="TRUE">0</attwidth><atprecis Sync="TRUE">0</atprecis><attscale Sync="TRUE">0</attscale><attrdef Sync="TRUE">Feature geometry.</attrdef><attrdefs Sync="TRUE">Esri</attrdefs><attrdomv><udom Sync="TRUE">Coordinates defining the features.</udom></attrdomv></attr><attr><attrlabl Sync="TRUE">Bucak_ID</attrlabl><attalias Sync="TRUE">Bucak_ID</attalias><attrtype Sync="TRUE">Double</attrtype><attwidth Sync="TRUE">19</attwidth><atprecis Sync="TRUE">0</atprecis><attscale Sync="TRUE">0</attscale></attr><attr><attrlabl Sync="TRUE">Il_Adi</attrlabl><attalias Sync="TRUE">Il_Adi</attalias><attrtype Sync="TRUE">String</attrtype><attwidth Sync="TRUE">254</attwidth><atprecis Sync="TRUE">0</atprecis><attscale Sync="TRUE">0</attscale></attr><attr><attrlabl Sync="TRUE">Ilce_Adi</attrlabl><attalias Sync="TRUE">Ilce_Adi</attalias><attrtype Sync="TRUE">String</attrtype><attwidth Sync="TRUE">254</attwidth><atprecis Sync="TRUE">0</atprecis><attscale Sync="TRUE">0</attscale></attr><attr><attrlabl Sync="TRUE">Bucak_Adi</attrlabl><attalias Sync="TRUE">Bucak_Adi</attalias><attrtype Sync="TRUE">String</attrtype><attwidth Sync="TRUE">254</attwidth><atprecis Sync="TRUE">0</atprecis><attscale Sync="TRUE">0</attscale></attr><attr><attrlabl Sync="TRUE">Koy_Adi</attrlabl><attalias Sync="TRUE">Koy_Adi</attalias><attrtype Sync="TRUE">String</attrtype><attwidth Sync="TRUE">254</attwidth><atprecis Sync="TRUE">0</atprecis><attscale Sync="TRUE">0</attscale></attr><attr><attrlabl Sync="TRUE">Rakim</attrlabl><attalias Sync="TRUE">Rakim</attalias><attrtype Sync="TRUE">Double</attrtype><attwidth Sync="TRUE">19</attwidth><atprecis Sync="TRUE">0</atprecis><attscale Sync="TRUE">0</attscale></attr><attr><attrlabl Sync="TRUE">Nüfus</attrlabl><attalias Sync="TRUE">Nüfus</attalias><attrtype Sync="TRUE">Double</attrtype><attwidth Sync="TRUE">19</attwidth><atprecis Sync="TRUE">0</atprecis><attscale Sync="TRUE">0</attscale></attr><attr><attrlabl Sync="TRUE">_25_000_P</attrlabl><attalias Sync="TRUE">_25_000_P</attalias><attrtype Sync="TRUE">String</attrtype><attwidth Sync="TRUE">254</attwidth><atprecis Sync="TRUE">0</atprecis><attscale Sync="TRUE">0</attscale></attr><attr><attrlabl Sync="TRUE">Saga_Deger</attrlabl><attalias Sync="TRUE">Saga_Deger</attalias><attrtype Sync="TRUE">Double</attrtype><attwidth Sync="TRUE">19</attwidth><atprecis Sync="TRUE">0</atprecis><attscale Sync="TRUE">0</attscale></attr><attr><attrlabl Sync="TRUE">Yukari_Deg</attrlabl><attalias Sync="TRUE">Yukari_Deg</attalias><attrtype Sync="TRUE">Double</attrtype><attwidth Sync="TRUE">19</attwidth><atprecis Sync="TRUE">0</atprecis><attscale Sync="TRUE">0</attscale></attr><attr><attrlabl Sync="TRUE">Belediye</attrlabl><attalias Sync="TRUE">Belediye</attalias><attrtype Sync="TRUE">SmallInteger</attrtype><attwidth Sync="TRUE">4</attwidth><atprecis Sync="TRUE">4</atprecis><attscale Sync="TRUE">0</attscale></attr><attr><attrlabl Sync="TRUE">Enlem_Dere</attrlabl><attalias Sync="TRUE">Enlem_Dere</attalias><attrtype Sync="TRUE">Double</attrtype><attwidth Sync="TRUE">19</attwidth><atprecis Sync="TRUE">0</atprecis><attscale Sync="TRUE">0</attscale></attr><attr><attrlabl Sync="TRUE">Boylam_Der</attrlabl><attalias Sync="TRUE">Boylam_Der</attalias><attrtype Sync="TRUE">Double</attrtype><attwidth Sync="TRUE">19</attwidth><atprecis Sync="TRUE">0</atprecis><attscale Sync="TRUE">0</attscale></attr><attr><attrlabl Sync="TRUE">Nüfus_Bul</attrlabl><attalias Sync="TRUE">Nüfus_Bul</attalias><attrtype Sync="TRUE">Double</attrtype><attwidth Sync="TRUE">19</attwidth><atprecis Sync="TRUE">0</atprecis><attscale Sync="TRUE">0</attscale></attr><attr><attrlabl Sync="TRUE">Mevcudiyet</attrlabl><attalias Sync="TRUE">Mevcudiyet</attalias><attrtype Sync="TRUE">String</attrtype><attwidth Sync="TRUE">50</attwidth><atprecis Sync="TRUE">0</atprecis><attscale Sync="TRUE">0</attscale></attr><attr><attrlabl Sync="TRUE">Mevcudiy_1</attrlabl><attalias Sync="TRUE">Mevcudiy_1</attalias><attrtype Sync="TRUE">String</attrtype><attwidth Sync="TRUE">50</attwidth><atprecis Sync="TRUE">0</atprecis><attscale Sync="TRUE">0</attscale></attr><attr><attrlabl Sync="TRUE">durumu</attrlabl><attalias Sync="TRUE">durumu</attalias><attrtype Sync="TRUE">String</attrtype><attwidth Sync="TRUE">50</attwidth><atprecis Sync="TRUE">0</atprecis><attscale Sync="TRUE">0</attscale></attr><attr><attrlabl Sync="TRUE">açıklama</attrlabl><attalias Sync="TRUE">açıklama</attalias><attrtype Sync="TRUE">String</attrtype><attwidth Sync="TRUE">50</attwidth><atprecis Sync="TRUE">0</atprecis><attscale Sync="TRUE">0</attscale></attr><attr><attrlabl Sync="TRUE">TİPİ</attrlabl><attalias Sync="TRUE">TİPİ</attalias><attrtype Sync="TRUE">String</attrtype><attwidth Sync="TRUE">50</attwidth><atprecis Sync="TRUE">0</atprecis><attscale Sync="TRUE">0</attscale></attr><attr><attrlabl Sync="TRUE">GOSTERIM</attrlabl><attalias Sync="TRUE">GOSTERIM</attalias><attrtype Sync="TRUE">SmallInteger</attrtype><attwidth Sync="TRUE">4</attwidth><atprecis Sync="TRUE">4</atprecis><attscale Sync="TRUE">0</attscale></attr><attr><attrlabl Sync="TRUE">BUCAK_A_KU</attrlabl><attalias Sync="TRUE">BUCAK_A_KU</attalias><attrtype Sync="TRUE">String</attrtype><attwidth Sync="TRUE">254</attwidth><atprecis Sync="TRUE">0</atprecis><attscale Sync="TRUE">0</attscale></attr><attr><attrlabl Sync="TRUE">SEMBOL</attrlabl><attalias Sync="TRUE">SEMBOL</attalias><attrtype Sync="TRUE">String</attrtype><attwidth Sync="TRUE">50</attwidth><atprecis Sync="TRUE">0</atprecis><attscale Sync="TRUE">0</attscale></attr><attr><attrlabl Sync="TRUE">NUMARASI</attrlabl><attalias Sync="TRUE">NUMARASI</attalias><attrtype Sync="TRUE">SmallInteger</attrtype><attwidth Sync="TRUE">4</attwidth><atprecis Sync="TRUE">4</atprecis><attscale Sync="TRUE">0</attscale></attr></detailed></eainfo><mdDateSt Sync="TRUE">20160209</mdDateSt></metadata>
